res_id,customer_id,employee_id,reservation_date,reservation_time
1,1,12,2025-08-01,16:00:00
2,12,8,2025-07-10,20:00:00
3,1,10,2025-06-13,15:00:00
4,1,12,2025-07-27,19:00:00
5,6,12,2025-06-06,20:15:00
6,10,12,2025-07-30,18:00:00
7,9,12,2025-08-06,19:45:00
8,6,12,2025-08-08,17:15:00
9,12,8,2025-05-23,21:30:00
10,11,9,2025-06-27,22:45:00
11,8,7,2025-08-08,14:15:00
12,13,8,2025-09-13,20:45:00
13,6,7,2025-07-11,19:00:00
14,7,12,2025-08-07,22:30:00
15,1,12,2025-08-25,15:15:00
16,9,9,2025-07-05,11:30:00
17,7,10,2025-08-02,17:15:00
18,4,7,2025-05-23,21:45:00
19,7,12,2025-06-29,12:15:00
20,3,10,2025-09-05,16:15:00
21,7,8,2025-07-01,14:30:00
22,12,9,2025-08-11,11:45:00
23,3,8,2025-07-21,10:00:00
24,7,9,2025-08-11,22:00:00
25,14,8,2025-09-15,15:30:00
26,3,8,2025-07-06,10:00:00
27,12,10,2025-08-06,18:15:00
28,6,7,2025-08-25,18:30:00
29,15,7,2025-05-23,22:15:00
30,13,9,2025-06-21,17:15:00
31,14,12,2025-06-23,18:45:00
32,13,9,2025-08-31,18:15:00
33,15,9,2025-06-07,10:15:00
34,4,10,2025-07-15,15:00:00
35,5,8,2025-09-06,21:00:00
36,10,9,2025-07-31,13:45:00
37,13,11,2025-06-10,18:00:00
38,15,11,2025-06-17,19:45:00
39,14,10,2025-07-09,14:00:00
40,2,11,2025-09-15,22:30:00
41,10,11,2025-07-16,17:30:00
42,7,11,2025-08-11,13:00:00
43,13,12,2025-08-23,20:30:00
44,11,12,2025-06-17,16:00:00
45,1,8,2025-06-23,13:15:00
46,10,11,2025-08-29,21:00:00
47,7,11,2025-07-17,22:15:00
48,5,11,2025-06-28,21:15:00
49,12,7,2025-08-17,17:00:00
50,5,12,2025-09-11,14:15:00
51,5,7,2025-08-19,20:15:00
52,14,12,2025-09-12,12:00:00
53,1,12,2025-08-06,14:30:00
54,11,11,2025-09-17,18:00:00
55,12,9,2025-07-17,12:30:00
56,13,8,2025-09-05,22:00:00
57,7,7,2025-07-15,20:30:00
58,15,10,2025-09-18,20:15:00
59,7,9,2025-05-24,20:30:00
60,7,7,2025-06-20,15:00:00
61,14,12,2025-07-11,22:30:00
62,15,8,2025-07-27,11:30:00
63,5,12,2025-05-27,10:45:00
64,8,12,2025-06-09,13:15:00
65,3,12,2025-06-21,10:30:00
66,3,7,2025-08-31,21:30:00
67,2,9,2025-07-04,12:30:00
68,1,12,2025-09-04,10:30:00
69,3,11,2025-07-27,14:45:00
70,1,12,2025-06-08,19:15:00
71,13,9,2025-08-25,19:00:00
72,8,7,2025-08-27,21:15:00
73,8,7,2025-06-05,16:30:00
74,14,12,2025-07-20,17:30:00
75,1,9,2025-07-10,12:00:00
76,6,12,2025-06-26,17:30:00
77,4,8,2025-07-29,13:30:00
78,5,10,2025-09-01,21:30:00
79,13,7,2025-06-02,20:15:00
80,8,8,2025-07-05,14:15:00
81,12,10,2025-08-07,12:45:00
82,6,8,2025-08-27,11:15:00
83,14,8,2025-06-02,13:30:00
84,14,10,2025-06-18,17:30:00
85,1,8,2025-05-31,19:45:00
86,4,8,2025-06-02,11:45:00
87,11,7,2025-07-08,13:30:00
88,14,8,2025-08-29,12:15:00
89,7,8,2025-06-05,13:45:00
90,9,10,2025-08-18,11:15:00
91,4,7,2025-07-17,10:15:00
92,10,7,2025-09-15,12:30:00
93,13,7,2025-08-15,17:00:00
94,9,9,2025-06-18,19:45:00
95,1,9,2025-06-03,21:30:00
96,3,9,2025-05-24,12:30:00
97,9,7,2025-09-03,20:45:00
98,11,11,2025-09-08,16:30:00
99,4,9,2025-08-19,13:45:00
100,8,10,2025-07-05,12:30:00
101,4,12,2025-08-22,11:00:00
102,5,12,2025-05-30,11:45:00
103,10,8,2025-08-19,11:15:00
104,7,9,2025-09-06,18:45:00
105,8,7,2025-07-16,22:15:00
106,14,7,2025-07-26,15:45:00
107,3,9,2025-08-16,19:15:00
108,14,7,2025-09-01,15:30:00
109,15,11,2025-09-12,17:45:00
110,7,12,2025-09-18,22:15:00
111,15,7,2025-08-13,17:00:00
112,2,7,2025-09-17,17:15:00
113,6,9,2025-07-29,17:15:00
114,12,8,2025-05-28,13:45:00
115,8,8,2025-06-17,15:30:00
116,8,10,2025-06-06,19:30:00
117,14,9,2025-08-19,22:30:00
118,10,11,2025-09-15,21:00:00
119,7,7,2025-08-28,22:45:00
120,11,12,2025-08-17,15:45:00
121,4,9,2025-07-24,21:00:00
122,5,11,2025-06-25,12:30:00
123,14,8,2025-07-25,20:30:00
124,2,11,2025-08-13,12:45:00
125,10,10,2025-09-09,20:30:00
126,14,10,2025-08-12,18:00:00
127,12,11,2025-06-06,13:15:00
128,15,10,2025-07-04,17:30:00
129,14,11,2025-09-13,11:15:00
130,10,7,2025-07-04,15:30:00
131,1,10,2025-09-14,18:15:00
132,4,7,2025-08-21,12:00:00
133,11,12,2025-06-20,19:15:00
134,13,12,2025-06-03,12:15:00
135,6,9,2025-09-15,15:00:00
136,14,8,2025-05-24,12:00:00
137,15,7,2025-08-15,22:45:00
138,13,10,2025-09-18,13:00:00
139,5,8,2025-07-18,14:00:00
140,12,10,2025-07-26,12:30:00
141,15,11,2025-06-01,16:30:00
142,3,8,2025-09-17,11:15:00
143,13,9,2025-07-24,22:30:00
144,1,9,2025-09-07,10:45:00
145,9,10,2025-06-16,21:15:00
146,14,8,2025-08-10,12:15:00
147,5,7,2025-09-09,13:15:00
148,3,7,2025-06-08,13:30:00
149,3,12,2025-06-30,22:45:00
150,1,11,2025-05-23,15:00:00
151,15,10,2025-06-28,21:00:00
152,13,10,2025-08-30,20:15:00
153,3,10,2025-08-12,16:00:00
154,15,12,2025-06-07,12:00:00
155,12,10,2025-08-28,17:00:00
156,15,8,2025-08-26,11:45:00
157,14,11,2025-09-07,10:00:00
158,3,12,2025-07-24,22:00:00
159,12,9,2025-08-18,22:30:00
160,15,7,2025-08-30,22:45:00
161,13,11,2025-05-29,10:00:00
162,9,8,2025-06-01,22:15:00
163,12,8,2025-06-05,20:30:00
164,15,11,2025-07-21,16:00:00
165,13,10,2025-07-27,17:30:00
166,5,12,2025-08-30,13:15:00
167,14,8,2025-06-14,12:00:00
168,7,9,2025-06-11,13:30:00
169,10,12,2025-07-18,16:00:00
170,14,11,2025-08-03,19:30:00
171,8,7,2025-07-04,22:15:00
172,7,8,2025-07-26,21:00:00
173,3,12,2025-09-05,14:45:00
174,2,12,2025-09-03,14:45:00
175,6,11,2025-06-22,13:15:00
176,2,11,2025-06-04,16:00:00
177,3,7,2025-08-20,19:45:00
178,10,9,2025-05-30,21:30:00
179,12,9,2025-08-29,22:00:00
180,13,7,2025-08-15,10:00:00
181,11,8,2025-06-27,16:15:00
182,15,11,2025-05-29,14:15:00
183,15,10,2025-08-01,21:30:00
184,7,7,2025-06-11,10:30:00
185,13,8,2025-05-24,18:15:00
186,14,10,2025-09-19,21:15:00
187,13,8,2025-07-29,22:45:00
188,12,8,2025-07-18,20:00:00
189,10,9,2025-07-15,21:45:00
190,15,8,2025-06-11,22:45:00
191,10,7,2025-09-03,18:30:00
192,6,12,2025-05-25,11:30:00
193,8,10,2025-09-04,22:15:00
194,13,10,2025-08-17,20:45:00
195,14,10,2025-06-25,15:15:00
196,12,8,2025-08-31,16:15:00
197,10,9,2025-08-07,17:45:00
198,10,11,2025-07-27,14:30:00
199,6,10,2025-08-18,20:15:00
200,7,8,2025-07-26,19:45:00
